{
    "0": {
        "precision": 0.8358787513699445,
        "recall": 0.9448639910734083,
        "f1-score": 0.8870363070964328,
        "support": 699035.0
    },
    "1": {
        "precision": 0.4287834183001843,
        "recall": 0.179311380242218,
        "f1-score": 0.25287421219414075,
        "support": 99910.0
    },
    "2": {
        "precision": 0.39274892722655225,
        "recall": 0.2488541655106593,
        "f1-score": 0.30466563408603026,
        "support": 90109.0
    },
    "accuracy": 0.7882895752114045,
    "macro avg": {
        "precision": 0.5524703656322271,
        "recall": 0.45767651227542855,
        "f1-score": 0.481525384458868,
        "support": 889054.0
    },
    "weighted avg": {
        "precision": 0.7452173516678604,
        "recall": 0.7882895752114045,
        "f1-score": 0.7567450380891708,
        "support": 889054.0
    }
}