{
    "0": {
        "precision": 0.8531704798773607,
        "recall": 0.92851454999035,
        "f1-score": 0.889249436245415,
        "support": 699485.0
    },
    "1": {
        "precision": 0.45634289664707917,
        "recall": 0.26461421284186687,
        "f1-score": 0.3349847440102003,
        "support": 99783.0
    },
    "2": {
        "precision": 0.4279708880849908,
        "recall": 0.3333593210522799,
        "f1-score": 0.3747863488664751,
        "support": 89786.0
    },
    "accuracy": 0.7938966586956473,
    "macro avg": {
        "precision": 0.579161421536477,
        "recall": 0.5088293612948322,
        "f1-score": 0.5330068430406968,
        "support": 889054.0
    },
    "weighted avg": {
        "precision": 0.7656914096677482,
        "recall": 0.7938966586956473,
        "f1-score": 0.7750856435526068,
        "support": 889054.0
    }
}