{
    "0": {
        "precision": 0.8449923320407099,
        "recall": 0.9355548726890727,
        "f1-score": 0.8879704975252948,
        "support": 699665.0
    },
    "1": {
        "precision": 0.44116997570915223,
        "recall": 0.2205274354754546,
        "f1-score": 0.2940621550195698,
        "support": 99652.0
    },
    "2": {
        "precision": 0.41064267909396335,
        "recall": 0.29556370282046424,
        "f1-score": 0.34372691574977643,
        "support": 89737.0
    },
    "accuracy": 0.7908113567904762,
    "macro avg": {
        "precision": 0.5656016622812752,
        "recall": 0.48388200366166384,
        "f1-score": 0.5085865227648804,
        "support": 889054.0
    },
    "weighted avg": {
        "precision": 0.7558875754571565,
        "recall": 0.7908113567904762,
        "f1-score": 0.7664672587510807,
        "support": 889054.0
    }
}