{
    "0": {
        "precision": 0.8064160248943283,
        "recall": 0.9729902847379596,
        "f1-score": 0.8819064577121004,
        "support": 699415.0
    },
    "1": {
        "precision": 0.3536400643756509,
        "recall": 0.0747271872530682,
        "f1-score": 0.12338257516329075,
        "support": 99977.0
    },
    "2": {
        "precision": 0.3162098082442494,
        "recall": 0.08478508175146662,
        "f1-score": 0.13371678847523813,
        "support": 89662.0
    },
    "accuracy": 0.782401293959647,
    "macro avg": {
        "precision": 0.49208863250474283,
        "recall": 0.37750085124749816,
        "f1-score": 0.37966860711687644,
        "support": 889054.0
    },
    "weighted avg": {
        "precision": 0.7060621071322405,
        "recall": 0.782401293959647,
        "f1-score": 0.7211523029265667,
        "support": 889054.0
    }
}