{
    "0": {
        "precision": 0.8253899083136698,
        "recall": 0.9539447703534125,
        "f1-score": 0.8850233696654972,
        "support": 698900.0
    },
    "1": {
        "precision": 0.39371518354520785,
        "recall": 0.13729006036698344,
        "f1-score": 0.20358812624177383,
        "support": 100386.0
    },
    "2": {
        "precision": 0.3654606328977211,
        "recall": 0.18847473487211477,
        "f1-score": 0.24869361986726737,
        "support": 89768.0
    },
    "accuracy": 0.7844439145428737,
    "macro avg": {
        "precision": 0.5281885749188663,
        "recall": 0.4265698551975036,
        "f1-score": 0.44576837192484614,
        "support": 889054.0
    },
    "weighted avg": {
        "precision": 0.7302089292998578,
        "recall": 0.7844439145428737,
        "f1-score": 0.7438299131080537,
        "support": 889054.0
    }
}