{
    "0": {
        "precision": 0.7853629619916709,
        "recall": 0.9089094105075465,
        "f1-score": 0.842631678831368,
        "support": 632612.0
    },
    "1": {
        "precision": 0.297504776635429,
        "recall": 0.32323793989719257,
        "f1-score": 0.3098379684464869,
        "support": 80928.0
    },
    "2": {
        "precision": 0.541153963215792,
        "recall": 0.21273516642547033,
        "f1-score": 0.30540957257546697,
        "support": 175514.0
    },
    "accuracy": 0.7181611015753824,
    "macro avg": {
        "precision": 0.541340567280964,
        "recall": 0.48162750561006984,
        "f1-score": 0.4859597399511073,
        "support": 889054.0
    },
    "weighted avg": {
        "precision": 0.6927437448961293,
        "recall": 0.7181611015753824,
        "f1-score": 0.6880764660417897,
        "support": 889054.0
    }
}