{
    "0": {
        "precision": 0.7297130222687421,
        "recall": 0.9608011720768804,
        "f1-score": 0.8294625734828106,
        "support": 632723.0
    },
    "1": {
        "precision": 0.24645085450764084,
        "recall": 0.13475063345899513,
        "f1-score": 0.1742354623984146,
        "support": 80905.0
    },
    "2": {
        "precision": 0.40718307456065517,
        "recall": 0.027208053538244046,
        "f1-score": 0.051007758565413466,
        "support": 175426.0
    },
    "accuracy": 0.7014152121243479,
    "macro avg": {
        "precision": 0.4611156504456793,
        "recall": 0.37425328635803984,
        "f1-score": 0.3515685981488795,
        "support": 889054.0
    },
    "weighted avg": {
        "precision": 0.6220947400391468,
        "recall": 0.7014152121243479,
        "f1-score": 0.616233271568661,
        "support": 889054.0
    }
}