{
    "0": {
        "precision": 0.7941438378455483,
        "recall": 0.9057155989240705,
        "f1-score": 0.8462681633171094,
        "support": 633127.0
    },
    "1": {
        "precision": 0.30746620259343366,
        "recall": 0.35881019900189465,
        "f1-score": 0.3311598882228229,
        "support": 80753.0
    },
    "2": {
        "precision": 0.5707529660842189,
        "recall": 0.23699864135088541,
        "f1-score": 0.3349239450936417,
        "support": 175174.0
    },
    "accuracy": 0.7242799649965019,
    "macro avg": {
        "precision": 0.5574543355077336,
        "recall": 0.5005081464256168,
        "f1-score": 0.5041173322111913,
        "support": 889054.0
    },
    "weighted avg": {
        "precision": 0.7059231542319174,
        "recall": 0.7242799649965019,
        "f1-score": 0.6987284743648448,
        "support": 889054.0
    }
}