{
    "0": {
        "precision": 0.8015882517821351,
        "recall": 0.8995122290468709,
        "f1-score": 0.847731739852246,
        "support": 632674.0
    },
    "1": {
        "precision": 0.32118781961878196,
        "recall": 0.40830850304119776,
        "f1-score": 0.35954593258378237,
        "support": 81218.0
    },
    "2": {
        "precision": 0.5859341007080416,
        "recall": 0.2537022870257248,
        "f1-score": 0.35408856397282923,
        "support": 175162.0
    },
    "accuracy": 0.7274012602159149,
    "macro avg": {
        "precision": 0.5695700573696529,
        "recall": 0.5205076730379311,
        "f1-score": 0.5204554121362859,
        "support": 889054.0
    },
    "weighted avg": {
        "precision": 0.7152137742927098,
        "recall": 0.7274012602159149,
        "f1-score": 0.7058764634931943,
        "support": 889054.0
    }
}