{
    "0": {
        "precision": 0.7663091071179684,
        "recall": 0.9224085264520704,
        "f1-score": 0.8371441622353032,
        "support": 631822.0
    },
    "1": {
        "precision": 0.2813134343601986,
        "recall": 0.27212102500771845,
        "f1-score": 0.2766408878622006,
        "support": 80975.0
    },
    "2": {
        "precision": 0.50582680929899,
        "recall": 0.14406236348059936,
        "f1-score": 0.22425548450913202,
        "support": 176257.0
    },
    "accuracy": 0.7088714521277673,
    "macro avg": {
        "precision": 0.5178164502590524,
        "recall": 0.4461973049801294,
        "f1-score": 0.44601351153554525,
        "support": 889054.0
    },
    "weighted avg": {
        "precision": 0.6704945075905605,
        "recall": 0.7088714521277673,
        "f1-score": 0.6645869583845319,
        "support": 889054.0
    }
}