{
    "0": {
        "precision": 0.8012761093648725,
        "recall": 0.985595064430725,
        "f1-score": 0.883929172083237,
        "support": 699899.0
    },
    "1": {
        "precision": 0.37208144295673345,
        "recall": 0.06778003991211272,
        "f1-score": 0.11467107731132559,
        "support": 99218.0
    },
    "2": {
        "precision": 0.3816703035112081,
        "recall": 0.042785505409342096,
        "f1-score": 0.07694538037772823,
        "support": 89937.0
    },
    "accuracy": 0.7877924175584385,
    "macro avg": {
        "precision": 0.518342618610938,
        "recall": 0.3653868699173932,
        "f1-score": 0.3585152099240969,
        "support": 889054.0
    },
    "weighted avg": {
        "precision": 0.7109307267753517,
        "recall": 0.7877924175584385,
        "f1-score": 0.716445587372187,
        "support": 889054.0
    }
}