{
    "0": {
        "precision": 0.8364147421272091,
        "recall": 0.9099291166424164,
        "f1-score": 0.8716245928642234,
        "support": 771126.0
    },
    "1": {
        "precision": 0.3659006515799061,
        "recall": 0.5055418421180001,
        "f1-score": 0.4245330948848741,
        "support": 82644.0
    },
    "2": {
        "precision": 0.6211444877274827,
        "recall": 0.2854608674832538,
        "f1-score": 0.3911568430078664,
        "support": 183773.0
    },
    "accuracy": 0.7671103751844501,
    "macro avg": {
        "precision": 0.6078199604781993,
        "recall": 0.5669772754145567,
        "f1-score": 0.562438176918988,
        "support": 1037543.0
    },
    "weighted avg": {
        "precision": 0.7608072473429041,
        "recall": 0.7671103751844501,
        "f1-score": 0.7509101457971066,
        "support": 1037543.0
    }
}