{
    "0": {
        "precision": 0.7676844295285391,
        "recall": 0.9632929866113804,
        "f1-score": 0.8544363664139498,
        "support": 772223.0
    },
    "1": {
        "precision": 0.2587302788392418,
        "recall": 0.16524102935846322,
        "f1-score": 0.20167807007195943,
        "support": 82770.0
    },
    "2": {
        "precision": 0.4563818262919773,
        "recall": 0.03923308682552725,
        "f1-score": 0.07225475804946455,
        "support": 182550.0
    },
    "accuracy": 0.7370451152385974,
    "macro avg": {
        "precision": 0.49426551155325277,
        "recall": 0.3892557009317903,
        "f1-score": 0.3761230648451246,
        "support": 1037543.0
    },
    "weighted avg": {
        "precision": 0.6723106230709875,
        "recall": 0.7370451152385974,
        "f1-score": 0.6647420050282884,
        "support": 1037543.0
    }
}