{
    "0": {
        "precision": 0.8453821300238549,
        "recall": 0.9076812345999222,
        "f1-score": 0.8754247119338346,
        "support": 771100.0
    },
    "1": {
        "precision": 0.4039918313202541,
        "recall": 0.5628701012876789,
        "f1-score": 0.4703772386637876,
        "support": 82241.0
    },
    "2": {
        "precision": 0.6415809078855989,
        "recall": 0.33100617800023885,
        "f1-score": 0.43670586887077595,
        "support": 184202.0
    },
    "accuracy": 0.7779687203325549,
    "macro avg": {
        "precision": 0.630318289743236,
        "recall": 0.6005191712959467,
        "f1-score": 0.5941692731561327,
        "support": 1037543.0
    },
    "weighted avg": {
        "precision": 0.7742130582109334,
        "recall": 0.7779687203325549,
        "f1-score": 0.765429851403617,
        "support": 1037543.0
    }
}