{
    "0": {
        "precision": 0.8413003538989404,
        "recall": 0.9091035061500726,
        "f1-score": 0.8738887280943356,
        "support": 772186.0
    },
    "1": {
        "precision": 0.38304157837818825,
        "recall": 0.5321753151568455,
        "f1-score": 0.44545784530753935,
        "support": 81864.0
    },
    "2": {
        "precision": 0.6305838656627921,
        "recall": 0.30718338029243625,
        "f1-score": 0.413119319847552,
        "support": 183493.0
    },
    "accuracy": 0.772911580532084,
    "macro avg": {
        "precision": 0.618308599313307,
        "recall": 0.5828207338664514,
        "f1-score": 0.5774886310831423,
        "support": 1037543.0
    },
    "weighted avg": {
        "precision": 0.7678769902647138,
        "recall": 0.772911580532084,
        "f1-score": 0.7585961312420747,
        "support": 1037543.0
    }
}