{
    "0": {
        "precision": 0.8259204031262855,
        "recall": 0.9162103440050611,
        "f1-score": 0.8687256314317041,
        "support": 771384.0
    },
    "1": {
        "precision": 0.32550785917823327,
        "recall": 0.42945499527031944,
        "f1-score": 0.37032544131180456,
        "support": 82458.0
    },
    "2": {
        "precision": 0.5988143645349872,
        "recall": 0.2380934235524031,
        "f1-score": 0.3407155821797758,
        "support": 183701.0
    },
    "accuracy": 0.7574625822736986,
    "macro avg": {
        "precision": 0.5834142089465019,
        "recall": 0.5279195876092612,
        "f1-score": 0.5265888849744281,
        "support": 1037543.0
    },
    "weighted avg": {
        "precision": 0.7459404659630753,
        "recall": 0.7574625822736986,
        "f1-score": 0.7356294060853473,
        "support": 1037543.0
    }
}