{
    "0": {
        "precision": 0.8107775868340839,
        "recall": 0.9221391153899529,
        "f1-score": 0.8628801669943446,
        "support": 771029.0
    },
    "1": {
        "precision": 0.29640294243358156,
        "recall": 0.3189735520183986,
        "f1-score": 0.30727432792486054,
        "support": 82615.0
    },
    "2": {
        "precision": 0.5426881990349482,
        "recall": 0.21160528333487402,
        "f1-score": 0.30448543651337023,
        "support": 183899.0
    },
    "accuracy": 0.74817332871987,
    "macro avg": {
        "precision": 0.5499562427675379,
        "recall": 0.4842393169144085,
        "f1-score": 0.49154664381085844,
        "support": 1037543.0
    },
    "weighted avg": {
        "precision": 0.722302765478226,
        "recall": 0.74817332871987,
        "f1-score": 0.7196672023890742,
        "support": 1037543.0
    }
}