{
    "0": {
        "precision": 0.8193056158600238,
        "recall": 0.9188164022232927,
        "f1-score": 0.866212418292674,
        "support": 772188.0
    },
    "1": {
        "precision": 0.30846985012199374,
        "recall": 0.3765591188698972,
        "f1-score": 0.33913057758946313,
        "support": 82258.0
    },
    "2": {
        "precision": 0.5765825275466606,
        "recall": 0.22406156299666297,
        "f1-score": 0.32271513358951265,
        "support": 183097.0
    },
    "accuracy": 0.7532208303655848,
    "macro avg": {
        "precision": 0.5681193311762261,
        "recall": 0.5064790280299509,
        "f1-score": 0.5093527098238833,
        "support": 1037543.0
    },
    "weighted avg": {
        "precision": 0.7359720116441111,
        "recall": 0.7532208303655848,
        "f1-score": 0.7285126599309873,
        "support": 1037543.0
    }
}