{
    "0": {
        "precision": 0.8500321910569599,
        "recall": 0.9066744236066662,
        "f1-score": 0.8774401376307843,
        "support": 771782.0
    },
    "1": {
        "precision": 0.42214787437159523,
        "recall": 0.5846889139585381,
        "f1-score": 0.49029829870559216,
        "support": 82437.0
    },
    "2": {
        "precision": 0.6460386401078329,
        "recall": 0.3529488773973948,
        "f1-score": 0.45649942323770015,
        "support": 183324.0
    },
    "accuracy": 0.7832533205852673,
    "macro avg": {
        "precision": 0.639406235178796,
        "recall": 0.6147707383208664,
        "f1-score": 0.6080792865246922,
        "support": 1037543.0
    },
    "weighted avg": {
        "precision": 0.7799913222459428,
        "recall": 0.7832533205852673,
        "f1-score": 0.772303919372,
        "support": 1037543.0
    }
}