{
    "0": {
        "precision": 0.8312200453949562,
        "recall": 0.9144887571142741,
        "f1-score": 0.8708684805955027,
        "support": 771688.0
    },
    "1": {
        "precision": 0.3490341120266877,
        "recall": 0.46852602246315966,
        "f1-score": 0.4000477941940444,
        "support": 82179.0
    },
    "2": {
        "precision": 0.6084716949780794,
        "recall": 0.259179206864261,
        "f1-score": 0.36351765662643704,
        "support": 183676.0
    },
    "accuracy": 0.7631568041035408,
    "macro avg": {
        "precision": 0.5962419507999077,
        "recall": 0.5473979954805649,
        "f1-score": 0.5448113104719947,
        "support": 1037543.0
    },
    "weighted avg": {
        "precision": 0.7535952300095301,
        "recall": 0.7631568041035408,
        "f1-score": 0.7437607432476264,
        "support": 1037543.0
    }
}