{
    "0": {
        "precision": 0.7988839987425338,
        "recall": 0.9339119317483343,
        "f1-score": 0.861136946803795,
        "support": 772787.0
    },
    "1": {
        "precision": 0.2751887164733888,
        "recall": 0.2640785712540617,
        "f1-score": 0.26951919660389356,
        "support": 81862.0
    },
    "2": {
        "precision": 0.5162642582130905,
        "recall": 0.15689415727142497,
        "f1-score": 0.24065314748653951,
        "support": 182894.0
    },
    "accuracy": 0.7440925339961814,
    "macro avg": {
        "precision": 0.5301123244763377,
        "recall": 0.45162822009127374,
        "f1-score": 0.45710309696474266,
        "support": 1037543.0
    },
    "weighted avg": {
        "precision": 0.7077454165136442,
        "recall": 0.7440925339961814,
        "f1-score": 0.7050819435324178,
        "support": 1037543.0
    }
}